<?xml version='1.0' encoding='utf-8'?>
<project xmlns="http://www.plcopen.org/xml/tc6_0201" xmlns:xsd="http://www.w3.org/2001/XMLSchema" xmlns:xhtml="http://www.w3.org/1999/xhtml" xmlns:ns1="http://www.plcopen.org/xml/tc6_0201">
  <fileHeader companyName="Sconosciuto" productName="Senza_nome" productVersion="1" creationDateTime="2024-04-24T17:44:54"/>
  <contentHeader name="Senza_nome" modificationDateTime="2024-04-25T21:27:37">
    <coordinateInfo>
      <fbd>
        <scaling x="10" y="10"/>
      </fbd>
      <ld>
        <scaling x="10" y="10"/>
      </ld>
      <sfc>
        <scaling x="10" y="10"/>
      </sfc>
    </coordinateInfo>
  </contentHeader>
  <types>
    <dataTypes/>
    <pous>
      <pou name="program0" pouType="program">
        <interface>
          <localVars>
            <variable name="P0" address="%IX0.0">
              <type>
                <BOOL/>
              </type>
            </variable>
            <variable name="P1" address="%IX0.1">
              <type>
                <BOOL/>
              </type>
            </variable>
            <variable name="P2" address="%IX0.2">
              <type>
                <BOOL/>
              </type>
            </variable>
            <variable name="P3" address="%IX0.3">
              <type>
                <BOOL/>
              </type>
            </variable>
            <variable name="led0" address="%QX0.0">
              <type>
                <BOOL/>
              </type>
            </variable>
            <variable name="led1" address="%QX0.1">
              <type>
                <BOOL/>
              </type>
            </variable>
            <variable name="led2" address="%QX0.2">
              <type>
                <BOOL/>
              </type>
            </variable>
            <variable name="led3" address="%QX0.3">
              <type>
                <BOOL/>
              </type>
            </variable>
            <variable name="led4" address="%QX0.4">
              <type>
                <BOOL/>
              </type>
            </variable>
          </localVars>
          <localVars>
            <variable name="TOF0">
              <type>
                <derived name="TOF"/>
              </type>
            </variable>
            <variable name="TON0">
              <type>
                <derived name="TON"/>
              </type>
            </variable>
          </localVars>
          <localVars>
            <variable name="Modbus0" address="%QX80.0">
              <type>
                <BOOL/>
              </type>
              <documentation>
                <xhtml:p><![CDATA[Modbus coil 640]]></xhtml:p>
              </documentation>
            </variable>
            <variable name="Modbus1" address="%QX80.1">
              <type>
                <BOOL/>
              </type>
              <documentation>
                <xhtml:p><![CDATA[Modbus coil 641]]></xhtml:p>
              </documentation>
            </variable>
            <variable name="Modbus2" address="%QX80.2">
              <type>
                <BOOL/>
              </type>
              <documentation>
                <xhtml:p><![CDATA[Modbus coil 642]]></xhtml:p>
              </documentation>
            </variable>
            <variable name="Modbus3" address="%QX80.3">
              <type>
                <BOOL/>
              </type>
              <documentation>
                <xhtml:p><![CDATA[Modbus coil 643]]></xhtml:p>
              </documentation>
            </variable>
          </localVars>
        </interface>
        <body>
          <LD>
            <leftPowerRail localId="1" width="10" height="120" executionOrderId="0">
              <position x="110" y="50"/>
              <connectionPointOut formalParameter="">
                <relPosition x="10" y="20"/>
              </connectionPointOut>
              <connectionPointOut formalParameter="">
                <relPosition x="10" y="60"/>
              </connectionPointOut>
              <connectionPointOut formalParameter="">
                <relPosition x="10" y="100"/>
              </connectionPointOut>
            </leftPowerRail>
            <coil localId="2" negated="false" width="21" height="20" executionOrderId="0">
              <position x="580" y="60"/>
              <connectionPointIn>
                <relPosition x="0" y="10"/>
                <connection refLocalId="8" formalParameter="Q">
                  <position x="580" y="70"/>
                  <position x="530" y="70"/>
                </connection>
              </connectionPointIn>
              <connectionPointOut>
                <relPosition x="21" y="10"/>
              </connectionPointOut>
              <variable>led4</variable>
            </coil>
            <block localId="8" typeName="TOF" instanceName="TOF0" width="50" height="60" executionOrderId="0">
              <position x="480" y="40"/>
              <inputVariables>
                <variable formalParameter="IN">
                  <connectionPointIn>
                    <relPosition x="0" y="30"/>
                    <connection refLocalId="4" formalParameter="Q">
                      <position x="480" y="70"/>
                      <position x="360" y="70"/>
                    </connection>
                  </connectionPointIn>
                </variable>
                <variable formalParameter="PT">
                  <connectionPointIn>
                    <relPosition x="0" y="50"/>
                    <connection refLocalId="9">
                      <position x="480" y="90"/>
                      <position x="470" y="90"/>
                      <position x="470" y="100"/>
                      <position x="460" y="100"/>
                    </connection>
                  </connectionPointIn>
                </variable>
              </inputVariables>
              <inOutVariables/>
              <outputVariables>
                <variable formalParameter="Q">
                  <connectionPointOut>
                    <relPosition x="50" y="30"/>
                  </connectionPointOut>
                </variable>
                <variable formalParameter="ET">
                  <connectionPointOut>
                    <relPosition x="50" y="50"/>
                  </connectionPointOut>
                </variable>
              </outputVariables>
            </block>
            <block localId="4" typeName="TON" instanceName="TON0" width="50" height="60" executionOrderId="0">
              <position x="310" y="40"/>
              <inputVariables>
                <variable formalParameter="IN">
                  <connectionPointIn>
                    <relPosition x="0" y="30"/>
                    <connection refLocalId="10">
                      <position x="310" y="70"/>
                      <position x="181" y="70"/>
                    </connection>
                  </connectionPointIn>
                </variable>
                <variable formalParameter="PT">
                  <connectionPointIn>
                    <relPosition x="0" y="50"/>
                    <connection refLocalId="5">
                      <position x="310" y="90"/>
                      <position x="295" y="90"/>
                      <position x="295" y="100"/>
                      <position x="280" y="100"/>
                    </connection>
                  </connectionPointIn>
                </variable>
              </inputVariables>
              <inOutVariables/>
              <outputVariables>
                <variable formalParameter="Q">
                  <connectionPointOut>
                    <relPosition x="50" y="30"/>
                  </connectionPointOut>
                </variable>
                <variable formalParameter="ET">
                  <connectionPointOut>
                    <relPosition x="50" y="50"/>
                  </connectionPointOut>
                </variable>
              </outputVariables>
            </block>
            <contact localId="10" negated="true" width="21" height="20" executionOrderId="0">
              <position x="160" y="60"/>
              <connectionPointIn>
                <relPosition x="0" y="10"/>
                <connection refLocalId="1">
                  <position x="160" y="70"/>
                  <position x="120" y="70"/>
                </connection>
              </connectionPointIn>
              <connectionPointOut>
                <relPosition x="21" y="10"/>
              </connectionPointOut>
              <variable>led4</variable>
            </contact>
            <inVariable localId="5" width="80" height="30" negated="false" executionOrderId="0">
              <position x="200" y="90"/>
              <connectionPointOut>
                <relPosition x="80" y="10"/>
              </connectionPointOut>
              <expression>T#900ms</expression>
            </inVariable>
            <inVariable localId="9" width="70" height="30" negated="false" executionOrderId="0">
              <position x="390" y="90"/>
              <connectionPointOut>
                <relPosition x="70" y="10"/>
              </connectionPointOut>
              <expression>T#100ms</expression>
            </inVariable>
            <rightPowerRail localId="3" width="10" height="120" executionOrderId="0">
              <position x="650" y="50"/>
              <connectionPointIn>
                <relPosition x="0" y="20"/>
                <connection refLocalId="2">
                  <position x="650" y="70"/>
                  <position x="601" y="70"/>
                </connection>
              </connectionPointIn>
              <connectionPointIn>
                <relPosition x="0" y="60"/>
              </connectionPointIn>
              <connectionPointIn>
                <relPosition x="0" y="100"/>
              </connectionPointIn>
            </rightPowerRail>
            <leftPowerRail localId="11" width="10" height="160">
              <position x="110" y="190"/>
              <connectionPointOut formalParameter="">
                <relPosition x="10" y="20"/>
              </connectionPointOut>
              <connectionPointOut formalParameter="">
                <relPosition x="10" y="60"/>
              </connectionPointOut>
              <connectionPointOut formalParameter="">
                <relPosition x="10" y="100"/>
              </connectionPointOut>
              <connectionPointOut formalParameter="">
                <relPosition x="10" y="140"/>
              </connectionPointOut>
            </leftPowerRail>
            <rightPowerRail localId="12" width="10" height="160">
              <position x="650" y="190"/>
              <connectionPointIn>
                <relPosition x="0" y="20"/>
                <connection refLocalId="14">
                  <position x="650" y="210"/>
                  <position x="571" y="210"/>
                </connection>
              </connectionPointIn>
              <connectionPointIn>
                <relPosition x="0" y="60"/>
                <connection refLocalId="7">
                  <position x="650" y="250"/>
                  <position x="571" y="250"/>
                </connection>
              </connectionPointIn>
              <connectionPointIn>
                <relPosition x="0" y="100"/>
                <connection refLocalId="16">
                  <position x="650" y="290"/>
                  <position x="571" y="290"/>
                </connection>
              </connectionPointIn>
              <connectionPointIn>
                <relPosition x="0" y="140"/>
                <connection refLocalId="18">
                  <position x="650" y="330"/>
                  <position x="571" y="330"/>
                </connection>
              </connectionPointIn>
            </rightPowerRail>
            <contact localId="13" negated="false" width="21" height="20">
              <position x="160" y="200"/>
              <connectionPointIn>
                <relPosition x="0" y="10"/>
                <connection refLocalId="11">
                  <position x="160" y="210"/>
                  <position x="120" y="210"/>
                </connection>
              </connectionPointIn>
              <connectionPointOut>
                <relPosition x="21" y="10"/>
              </connectionPointOut>
              <variable>Modbus0</variable>
            </contact>
            <coil localId="14" negated="false" width="21" height="20">
              <position x="550" y="200"/>
              <connectionPointIn>
                <relPosition x="0" y="10"/>
                <connection refLocalId="13">
                  <position x="550" y="210"/>
                  <position x="181" y="210"/>
                </connection>
              </connectionPointIn>
              <connectionPointOut>
                <relPosition x="21" y="10"/>
              </connectionPointOut>
              <variable>led0</variable>
            </coil>
            <contact localId="6" negated="false" width="21" height="20" executionOrderId="0">
              <position x="160" y="240"/>
              <connectionPointIn>
                <relPosition x="0" y="10"/>
                <connection refLocalId="11">
                  <position x="160" y="250"/>
                  <position x="120" y="250"/>
                </connection>
              </connectionPointIn>
              <connectionPointOut>
                <relPosition x="21" y="10"/>
              </connectionPointOut>
              <variable>Modbus1</variable>
            </contact>
            <coil localId="7" negated="false" width="21" height="20" executionOrderId="0">
              <position x="550" y="240"/>
              <connectionPointIn>
                <relPosition x="0" y="10"/>
                <connection refLocalId="6">
                  <position x="550" y="250"/>
                  <position x="181" y="250"/>
                </connection>
              </connectionPointIn>
              <connectionPointOut>
                <relPosition x="21" y="10"/>
              </connectionPointOut>
              <variable>led1</variable>
            </coil>
            <contact localId="15" negated="false" width="21" height="20" executionOrderId="0">
              <position x="160" y="280"/>
              <connectionPointIn>
                <relPosition x="0" y="10"/>
                <connection refLocalId="11">
                  <position x="160" y="290"/>
                  <position x="120" y="290"/>
                </connection>
              </connectionPointIn>
              <connectionPointOut>
                <relPosition x="21" y="10"/>
              </connectionPointOut>
              <variable>Modbus2</variable>
            </contact>
            <coil localId="16" negated="false" width="21" height="20" executionOrderId="0">
              <position x="550" y="280"/>
              <connectionPointIn>
                <relPosition x="0" y="10"/>
                <connection refLocalId="15">
                  <position x="550" y="290"/>
                  <position x="181" y="290"/>
                </connection>
              </connectionPointIn>
              <connectionPointOut>
                <relPosition x="21" y="10"/>
              </connectionPointOut>
              <variable>led2</variable>
            </coil>
            <contact localId="17" negated="false" width="21" height="20" executionOrderId="0">
              <position x="160" y="320"/>
              <connectionPointIn>
                <relPosition x="0" y="10"/>
                <connection refLocalId="11">
                  <position x="160" y="330"/>
                  <position x="120" y="330"/>
                </connection>
              </connectionPointIn>
              <connectionPointOut>
                <relPosition x="21" y="10"/>
              </connectionPointOut>
              <variable>Modbus3</variable>
            </contact>
            <coil localId="18" negated="false" width="21" height="20" executionOrderId="0">
              <position x="550" y="320"/>
              <connectionPointIn>
                <relPosition x="0" y="10"/>
                <connection refLocalId="17">
                  <position x="550" y="330"/>
                  <position x="181" y="330"/>
                </connection>
              </connectionPointIn>
              <connectionPointOut>
                <relPosition x="21" y="10"/>
              </connectionPointOut>
              <variable>led3</variable>
            </coil>
          </LD>
        </body>
      </pou>
    </pous>
  </types>
  <instances>
    <configurations>
      <configuration name="Config0">
        <resource name="Res0">
          <task name="task0" priority="0" interval="T#20ms">
            <pouInstance name="instance0" typeName="program0"/>
          </task>
        </resource>
      </configuration>
    </configurations>
  </instances>
</project>
